vmName;harddisk;IOPSLimit
TQARWSW1098;Hard disk 1;550
TQARWSW1097;Hard disk 1;550
TQARWSW1092;Hard disk 1;550
TQARWSW1090;Hard disk 1;550
TQARWSW1087;Hard disk 1;550
TQARWSW1085;Hard disk 1;550
TQARWSW1084;Hard disk 1;550
TQARWSW1081;Hard disk 1;550
TQARWSW1080;Hard disk 1;550
TQARWSW1077;Hard disk 1;550
TQARWSW1075;Hard disk 1;550
TQARWSW1074;Hard disk 1;550
TQARWSW1073;Hard disk 1;550
TQARWSW1071;Hard disk 1;550
TQARWSW1070;Hard disk 1;550
TQARWSW1069;Hard disk 1;550
TQARWSW1068;Hard disk 1;550
TQARWSW1067;Hard disk 1;550
TQARWSW1055;Hard disk 1;550
TQARWSW1054;Hard disk 1;550
TQARWSW1053;Hard disk 1;550
TQARWSW1052;Hard disk 1;550
TQARWSW1049;Hard disk 1;550
TQARWSW1048;Hard disk 1;550
TQARWSW1047;Hard disk 1;550
TQARWSW1044;Hard disk 1;550
TQARWSW1041;Hard disk 1;550
TQARWSW1040;Hard disk 1;550
TQARWSW1035;Hard disk 1;550
TQARWSW1033;Hard disk 1;550
TQARWSW1031;Hard disk 1;550
TQARWSW1030;Hard disk 1;550
TQARWSW1024;Hard disk 1;550
TQARWSW1022;Hard disk 1;550
TQARWSW1020;Hard disk 1;550
TQARWSW1016;Hard disk 1;550
TQARWSW1015;Hard disk 1;550
TQARWSW1012;Hard disk 1;550
TQARWSW10119;Hard disk 1;550
TQARWSW10117;Hard disk 1;550
TQARWSW10116;Hard disk 1;550
TQARWSW10114;Hard disk 1;550
TQARWSW1011;Hard disk 1;550
TQARWSW1010;Hard disk 1;550
TQARWSW1009;Hard disk 1;550
TQARWSW1008;Hard disk 1;550
TQARWSW1007;Hard disk 1;550
TQARWSW1006;Hard disk 1;550
TQARWSW1091;Hard disk 1;550
TQARWSW1088;Hard disk 1;550
TQARWSW1086;Hard disk 1;550
TQARWSW1083;Hard disk 1;550
TQARWSW1082;Hard disk 1;550
TQARWSW1072;Hard disk 1;550
TQARWSW1066;Hard disk 1;550
TQARWSW1065;Hard disk 1;550
TQARWSW1059;Hard disk 1;550
TQARWSW1058;Hard disk 1;550
TQARWSW1057;Hard disk 1;550
TQARWSW1056;Hard disk 1;550
TQARWSW1051;Hard disk 1;550
TQARWSW1050;Hard disk 1;550
TQARWSW1045;Hard disk 1;550
TQARWSW1034;Hard disk 1;550
TQARWSW1027;Hard disk 1;550
TQARWSW1026;Hard disk 1;550
TQARWSW1019;Hard disk 1;550
TQARWSW1018;Hard disk 1;550
TQARWSW1014;Hard disk 1;550
TQARWSW1013;Hard disk 1;550
TQARWSW10118;Hard disk 1;550
TQARWSW10115;Hard disk 1;550
TQARWSW10113;Hard disk 1;550
TQARWSW10112;Hard disk 1;550
TQARWSW10110;Hard disk 1;550
TQARWSW10109;Hard disk 1;550
TQARWSW10108;Hard disk 1;550
TQARWSW10107;Hard disk 1;550
TQARWSW10106;Hard disk 1;550
TQARWSW10105;Hard disk 1;550
TQARWSW10104;Hard disk 1;550
TQARWSW10103;Hard disk 1;550
TQARWSW10102;Hard disk 1;550
TQARWSW10100;Hard disk 1;550
TQARWSW1005;Hard disk 1;550
TQARWSW1004;Hard disk 1;550
TQARWSW1003;Hard disk 1;550
TQARWSW1001;Hard disk 1;550
